ID,Pred
2019_1101_1113,0.63423
2019_1101_1120,0.53389
2019_1101_1124,0.64002
2019_1101_1125,0.34445
2019_1101_1133,0.7617
2019_1101_1138,0.28029
2019_1101_1153,0.35277
2019_1101_1159,0.55195
2019_1101_1181,0.27131
2019_1101_1192,0.74073
2019_1101_1196,0.79101
2019_1101_1199,0.42626
2019_1101_1205,0.67033
2019_1101_1209,0.56643
2019_1101_1211,0.21641
2019_1101_1222,0.21834
2019_1101_1233,0.80292
2019_1101_1234,0.62537
2019_1101_1235,0.63498
2019_1101_1242,0.50067
2019_1101_1243,0.44598
2019_1101_1246,0.33095
2019_1101_1251,0.43099
2019_1101_1257,0.72189
2019_1101_1261,0.34405
2019_1101_1266,0.50132
2019_1101_1268,0.51161
2019_1101_1276,0.32992
2019_1101_1277,0.33052
2019_1101_1278,0.69471
2019_1101_1279,0.65501
2019_1101_1280,0.52617
2019_1101_1285,0.55118
2019_1101_1293,0.28959
2019_1101_1295,0.82197
2019_1101_1297,0.4564
2019_1101_1300,0.87601
2019_1101_1305,0.27117
2019_1101_1308,0.31884
2019_1101_1314,0.29819
2019_1101_1318,0.59628
2019_1101_1326,0.75996
2019_1101_1328,0.74075
2019_1101_1330,0.52616
2019_1101_1332,0.65672
2019_1101_1341,0.76653
2019_1101_1345,0.42722
2019_1101_1371,0.68908
2019_1101_1385,0.66449
2019_1101_1387,0.72779
2019_1101_1388,0.62547
2019_1101_1393,0.66305
2019_1101_1396,0.53841
2019_1101_1397,0.26931
2019_1101_1403,0.33068
2019_1101_1414,0.3468
2019_1101_1416,0.48062
2019_1101_1429,0.39286
2019_1101_1433,0.42766
2019_1101_1436,0.38082
2019_1101_1437,0.54624
2019_1101_1438,0.1794
2019_1101_1439,0.44078
2019_1101_1449,0.40847
2019_1101_1458,0.49378
2019_1101_1459,0.28752
2019_1101_1463,0.5078
2019_1113_1120,0.39321
2019_1113_1124,0.50145
2019_1113_1125,0.22914
2019_1113_1133,0.64391
2019_1113_1138,0.18054
2019_1113_1153,0.23568
2019_1113_1159,0.4107
2019_1113_1181,0.17399
2019_1113_1192,0.61778
2019_1113_1196,0.68165
2019_1113_1199,0.29592
2019_1113_1205,0.53495
2019_1113_1209,0.42499
2019_1113_1211,0.13513
2019_1113_1222,0.13646
2019_1113_1233,0.69741
2019_1113_1234,0.48569
2019_1113_1235,0.496
2019_1113_1242,0.36194
2019_1113_1243,0.31291
2019_1113_1246,0.21865
2019_1113_1251,0.29997
2019_1113_1257,0.59489
2019_1113_1261,0.22883
2019_1113_1266,0.36254
2019_1113_1268,0.37211
2019_1113_1276,0.21786
2019_1113_1277,0.21832
2019_1113_1278,0.56281
2019_1113_1279,0.51786
2019_1113_1280,0.38583
2019_1113_1285,0.40994
2019_1113_1293,0.1874
2019_1113_1295,0.72314
2019_1113_1297,0.32202
2019_1113_1300,0.79989
2019_1113_1305,0.17389
2019_1113_1308,0.20936
2019_1113_1314,0.19379
2019_1113_1318,0.45521
2019_1113_1326,0.64172
2019_1113_1328,0.6178
2019_1113_1330,0.38583
2019_1113_1332,0.51975
2019_1113_1341,0.65003
2019_1113_1345,0.29674
2019_1113_1371,0.55631
2019_1113_1385,0.5284
2019_1113_1387,0.60199
2019_1113_1388,0.4858
2019_1113_1393,0.52679
2019_1113_1396,0.39755
2019_1113_1397,0.17253
2019_1113_1403,0.21844
2019_1113_1414,0.23098
2019_1113_1416,0.34362
2019_1113_1429,0.26797
2019_1113_1433,0.29712
2019_1113_1436,0.25813
2019_1113_1437,0.40512
2019_1113_1438,0.11007
2019_1113_1439,0.30839
2019_1113_1449,0.28091
2019_1113_1458,0.3556
2019_1113_1459,0.18586
2019_1113_1463,0.36855
2019_1120_1124,0.60359
2019_1120_1125,0.31034
2019_1120_1133,0.73244
2019_1120_1138,0.25011
2019_1120_1153,0.31824
2019_1120_1159,0.51338
2019_1120_1181,0.24177
2019_1120_1192,0.70987
2019_1120_1196,0.76422
2019_1120_1199,0.38885
2019_1120_1205,0.63522
2019_1120_1209,0.52805
2019_1120_1211,0.19128
2019_1120_1222,0.19304
2019_1120_1233,0.77724
2019_1120_1234,0.58841
2019_1120_1235,0.59836
2019_1120_1242,0.46199
2019_1120_1243,0.40807
2019_1120_1246,0.29756
2019_1120_1251,0.39345
2019_1120_1257,0.68973
2019_1120_1261,0.30996
2019_1120_1266,0.46263
2019_1120_1268,0.47288
2019_1120_1276,0.2966
2019_1120_1277,0.29716
2019_1120_1278,0.66088
2019_1120_1279,0.61919
2019_1120_1280,0.48744
2019_1120_1285,0.5126
2019_1120_1293,0.25877
2019_1120_1295,0.79814
2019_1120_1297,0.41827
2019_1120_1300,0.85817
2019_1120_1305,0.24164
2019_1120_1308,0.28615
2019_1120_1314,0.26679
2019_1120_1318,0.55847
2019_1120_1326,0.73056
2019_1120_1328,0.70989
2019_1120_1330,0.48744
2019_1120_1332,0.62097
2019_1120_1341,0.73765
2019_1120_1345,0.38978
2019_1120_1371,0.65494
2019_1120_1385,0.6291
2019_1120_1387,0.69602
2019_1120_1388,0.58851
2019_1120_1393,0.62759
2019_1120_1396,0.49973
2019_1120_1397,0.23991
2019_1120_1403,0.29731
2019_1120_1414,0.31256
2019_1120_1416,0.44211
2019_1120_1429,0.35656
2019_1120_1433,0.39021
2019_1120_1436,0.345
2019_1120_1437,0.50762
2019_1120_1438,0.1577
2019_1120_1439,0.40299
2019_1120_1449,0.37161
2019_1120_1458,0.45514
2019_1120_1459,0.25683
2019_1120_1463,0.46909
2019_1124_1125,0.22475
2019_1124_1133,0.63815
2019_1124_1138,0.17687
2019_1124_1153,0.2312
2019_1124_1159,0.40465
2019_1124_1181,0.17042
2019_1124_1192,0.61185
2019_1124_1196,0.67619
2019_1124_1199,0.29073
2019_1124_1205,0.52872
2019_1124_1209,0.41888
2019_1124_1211,0.13223
2019_1124_1222,0.13354
2019_1124_1233,0.6921
2019_1124_1234,0.47944
2019_1124_1235,0.48974
2019_1124_1242,0.35618
2019_1124_1243,0.30755
2019_1124_1246,0.2144
2019_1124_1251,0.29474
2019_1124_1257,0.58884
2019_1124_1261,0.22444
2019_1124_1266,0.35677
2019_1124_1268,0.36627
2019_1124_1276,0.21363
2019_1124_1277,0.21408
2019_1124_1278,0.55664
2019_1124_1279,0.51161
2019_1124_1280,0.37991
2019_1124_1285,0.4039
2019_1124_1293,0.18361
2019_1124_1295,0.7181
2019_1124_1297,0.31658
2019_1124_1300,0.79585
2019_1124_1305,0.17032
2019_1124_1308,0.20525
2019_1124_1314,0.18991
2019_1124_1318,0.449
2019_1124_1326,0.63594
2019_1124_1328,0.61187
2019_1124_1330,0.37991
2019_1124_1332,0.5135
2019_1124_1341,0.64431
2019_1124_1345,0.29154
2019_1124_1371,0.55012
2019_1124_1385,0.52216
2019_1124_1387,0.59598
2019_1124_1388,0.47954
2019_1124_1393,0.52055
2019_1124_1396,0.39157
2019_1124_1397,0.16899
2019_1124_1403,0.2142
2019_1124_1414,0.22656
2019_1124_1416,0.33799
2019_1124_1429,0.26309
2019_1124_1433,0.29192
2019_1124_1436,0.25336
2019_1124_1437,0.3991
2019_1124_1438,0.10764
2019_1124_1439,0.30308
2019_1124_1449,0.27588
2019_1124_1458,0.34988
2019_1124_1459,0.1821
2019_1124_1463,0.36274
2019_1125_1133,0.85648
2019_1125_1138,0.42099
2019_1125_1153,0.50435
2019_1125_1159,0.69696
2019_1125_1181,0.41006
2019_1125_1192,0.84212
2019_1125_1196,0.87602
2019_1125_1199,0.58106
2019_1125_1205,0.7915
2019_1125_1209,0.70922
2019_1125_1211,0.3402
2019_1125_1222,0.34275
2019_1125_1233,0.8838
2019_1125_1234,0.75707
2019_1125_1235,0.76458
2019_1125_1242,0.6518
2019_1125_1243,0.60046
2019_1125_1246,0.48011
2019_1125_1251,0.58577
2019_1125_1257,0.82894
2019_1125_1261,0.49475
2019_1125_1266,0.65239
2019_1125_1268,0.66167
2019_1125_1276,0.47895
2019_1125_1277,0.47962
2019_1125_1278,0.80946
2019_1125_1279,0.77996
2019_1125_1280,0.6746
2019_1125_1285,0.69629
2019_1125_1293,0.43215
2019_1125_1295,0.89605
2019_1125_1297,0.61051
2019_1125_1300,0.92953
2019_1125_1305,0.4099
2019_1125_1308,0.46634
2019_1125_1314,0.44235
2019_1125_1318,0.73386
2019_1125_1326,0.8553
2019_1125_1328,0.84213
2019_1125_1330,0.6746
2019_1125_1332,0.78125
2019_1125_1341,0.85974
2019_1125_1345,0.58202
2019_1125_1371,0.80536
2019_1125_1385,0.78712
2019_1125_1387,0.83309
2019_1125_1388,0.75715
2019_1125_1393,0.78604
2019_1125_1396,0.6853
2019_1125_1397,0.40761
2019_1125_1403,0.47981
2019_1125_1414,0.49779
2019_1125_1416,0.63337
2019_1125_1429,0.54711
2019_1125_1433,0.58246
2019_1125_1436,0.5345
2019_1125_1437,0.69206
2019_1125_1438,0.28985
2019_1125_1439,0.59539
2019_1125_1449,0.56316
2019_1125_1458,0.64552
2019_1125_1459,0.42967
2019_1125_1463,0.65825
2019_1133_1138,0.10676
2019_1133_1153,0.1433
2019_1133_1159,0.27434
2019_1133_1181,0.10254
2019_1133_1192,0.46717
2019_1133_1196,0.53736
2019_1133_1199,0.18567
2019_1133_1205,0.38424
2019_1133_1209,0.28619
2019_1133_1211,0.07813
2019_1133_1222,0.07895
2019_1133_1233,0.55562
2019_1133_1234,0.33875
2019_1133_1235,0.34805
2019_1133_1242,0.23531
2019_1133_1243,0.1981
2019_1133_1246,0.1318
2019_1133_1251,0.18861
2019_1133_1257,0.4434
2019_1133_1261,0.13865
2019_1133_1266,0.23577
2019_1133_1268,0.24327
2019_1133_1276,0.13127
2019_1133_1277,0.13157
2019_1133_1278,0.41119
2019_1133_1279,0.36815
2019_1133_1280,0.25417
2019_1133_1285,0.27372
2019_1133_1293,0.11119
2019_1133_1295,0.58625
2019_1133_1297,0.20487
2019_1133_1300,0.68438
2019_1133_1305,0.10248
2019_1133_1308,0.12561
2019_1133_1314,0.11535
2019_1133_1318,0.31189
2019_1133_1326,0.4928
2019_1133_1328,0.4672
2019_1133_1330,0.25417
2019_1133_1332,0.36992
2019_1133_1341,0.50188
2019_1133_1345,0.18626
2019_1133_1371,0.40482
2019_1133_1385,0.37803
2019_1133_1387,0.4507
2019_1133_1388,0.33884
2019_1133_1393,0.37652
2019_1133_1396,0.2636
2019_1133_1397,0.10161
2019_1133_1403,0.13166
2019_1133_1414,0.1401
2019_1133_1416,0.22117
2019_1133_1429,0.16568
2019_1133_1433,0.18654
2019_1133_1436,0.15878
2019_1133_1437,0.26977
2019_1133_1438,0.06287
2019_1133_1439,0.19478
2019_1133_1449,0.17486
2019_1133_1458,0.23038
2019_1133_1459,0.11019
2019_1133_1463,0.24048
2019_1138_1153,0.57857
2019_1138_1159,0.75627
2019_1138_1181,0.48395
2019_1138_1192,0.87799
2019_1138_1196,0.90506
2019_1138_1199,0.65173
2019_1138_1205,0.83664
2019_1138_1209,0.76694
2019_1138_1211,0.41025
2019_1138_1222,0.413
2019_1138_1233,0.91121
2019_1138_1234,0.80786
2019_1138_1235,0.81419
2019_1138_1242,0.71636
2019_1138_1243,0.66971
2019_1138_1246,0.55475
2019_1138_1251,0.65611
2019_1138_1257,0.86734
2019_1138_1261,0.56918
2019_1138_1266,0.71688
2019_1138_1268,0.72517
2019_1138_1276,0.55361
2019_1138_1277,0.55427
2019_1138_1278,0.85145
2019_1138_1279,0.82706
2019_1138_1280,0.73664
2019_1138_1285,0.75569
2019_1138_1293,0.5066
2019_1138_1295,0.92082
2019_1138_1297,0.67895
2019_1138_1300,0.9468
2019_1138_1305,0.48378
2019_1138_1308,0.54107
2019_1138_1314,0.51695
2019_1138_1318,0.78814
2019_1138_1326,0.88857
2019_1138_1328,0.878
2019_1138_1330,0.73663
2019_1138_1332,0.82814
2019_1138_1341,0.89212
2019_1138_1345,0.65262
2019_1138_1371,0.84808
2019_1138_1385,0.83301
2019_1138_1387,0.87071
2019_1138_1388,0.80793
2019_1138_1393,0.83212
2019_1138_1396,0.74606
2019_1138_1397,0.48142
2019_1138_1403,0.55445
2019_1138_1414,0.57215
2019_1138_1416,0.69977
2019_1138_1429,0.61975
2019_1138_1433,0.65303
2019_1138_1436,0.60771
2019_1138_1437,0.75199
2019_1138_1438,0.35512
2019_1138_1439,0.66503
2019_1138_1449,0.63494
2019_1138_1458,0.71072
2019_1138_1459,0.50408
2019_1138_1463,0.72212
2019_1153_1159,0.68916
2019_1153_1181,0.40123
2019_1153_1192,0.83718
2019_1153_1196,0.87199
2019_1153_1199,0.57212
2019_1153_1205,0.78538
2019_1153_1209,0.70161
2019_1153_1211,0.33202
2019_1153_1222,0.33454
2019_1153_1233,0.87999
2019_1153_1234,0.75027
2019_1153_1235,0.75792
2019_1153_1242,0.64344
2019_1153_1243,0.59163
2019_1153_1246,0.47097
2019_1153_1251,0.57685
2019_1153_1257,0.82369
2019_1153_1261,0.48559
2019_1153_1266,0.64403
2019_1153_1268,0.65342
2019_1153_1276,0.46982
2019_1153_1277,0.47048
2019_1153_1278,0.80375
2019_1153_1279,0.7736
2019_1153_1280,0.6665
2019_1153_1285,0.68849
2019_1153_1293,0.42318
2019_1153_1295,0.89258
2019_1153_1297,0.60176
2019_1153_1300,0.92709
2019_1153_1305,0.40106
2019_1153_1308,0.45724
2019_1153_1314,0.43333
2019_1153_1318,0.72664
2019_1153_1326,0.8507
2019_1153_1328,0.8372
2019_1153_1330,0.6665
2019_1153_1332,0.77493
2019_1153_1341,0.85526
2019_1153_1345,0.57308
2019_1153_1371,0.79955
2019_1153_1385,0.78091
2019_1153_1387,0.82794
2019_1153_1388,0.75035
2019_1153_1393,0.77981
2019_1153_1396,0.67734
2019_1153_1397,0.39879
2019_1153_1403,0.47067
2019_1153_1414,0.48862
2019_1153_1416,0.62482
2019_1153_1429,0.53801
2019_1153_1433,0.57352
2019_1153_1436,0.52537
2019_1153_1437,0.6842
2019_1153_1438,0.28236
2019_1153_1439,0.58653
2019_1153_1449,0.55412
2019_1153_1458,0.63709
2019_1153_1459,0.42071
2019_1153_1463,0.64996
2019_1159_1181,0.22868
2019_1159_1192,0.69465
2019_1159_1196,0.75086
2019_1159_1199,0.3717
2019_1159_1205,0.61819
2019_1159_1209,0.50988
2019_1159_1211,0.18027
2019_1159_1222,0.18195
2019_1159_1233,0.76438
2019_1159_1234,0.57067
2019_1159_1235,0.58075
2019_1159_1242,0.44396
2019_1159_1243,0.39062
2019_1159_1246,0.28258
2019_1159_1251,0.37623
2019_1159_1257,0.67395
2019_1159_1261,0.29462
2019_1159_1266,0.4446
2019_1159_1268,0.45479
2019_1159_1276,0.28164
2019_1159_1277,0.28219
2019_1159_1278,0.64438
2019_1159_1279,0.60189
2019_1159_1280,0.46928
2019_1159_1285,0.49441
2019_1159_1293,0.24506
2019_1159_1295,0.78616
2019_1159_1297,0.40068
2019_1159_1300,0.84908
2019_1159_1305,0.22856
2019_1159_1308,0.27152
2019_1159_1314,0.2528
2019_1159_1318,0.54046
2019_1159_1326,0.71599
2019_1159_1328,0.69468
2019_1159_1330,0.46928
2019_1159_1332,0.6037
2019_1159_1341,0.72332
2019_1159_1345,0.37262
2019_1159_1371,0.63831
2019_1159_1385,0.61196
2019_1159_1387,0.68041
2019_1159_1388,0.57078
2019_1159_1393,0.61043
2019_1159_1396,0.48155
2019_1159_1397,0.22689
2019_1159_1403,0.28234
2019_1159_1414,0.29714
2019_1159_1416,0.42425
2019_1159_1429,0.34005
2019_1159_1433,0.37304
2019_1159_1436,0.32874
2019_1159_1437,0.48942
2019_1159_1438,0.14827
2019_1159_1439,0.38561
2019_1159_1449,0.35478
2019_1159_1458,0.43716
2019_1159_1459,0.24319
2019_1159_1463,0.45101
2019_1181_1192,0.88273
2019_1181_1196,0.90886
2019_1181_1199,0.66187
2019_1181_1205,0.8427
2019_1181_1209,0.77488
2019_1181_1211,0.42118
2019_1181_1222,0.42394
2019_1181_1233,0.91478
2019_1181_1234,0.81475
2019_1181_1235,0.82089
2019_1181_1242,0.72541
2019_1181_1243,0.67958
2019_1181_1246,0.56583
2019_1181_1251,0.66618
2019_1181_1257,0.87243
2019_1181_1261,0.58017
2019_1181_1266,0.72592
2019_1181_1268,0.73404
2019_1181_1276,0.56469
2019_1181_1277,0.56535
2019_1181_1278,0.85705
2019_1181_1279,0.8334
2019_1181_1280,0.74527
2019_1181_1285,0.7639
2019_1181_1293,0.51784
2019_1181_1295,0.92404
2019_1181_1297,0.68867
2019_1181_1300,0.94902
2019_1181_1305,0.49502
2019_1181_1308,0.55222
2019_1181_1314,0.52818
2019_1181_1318,0.79556
2019_1181_1326,0.89295
2019_1181_1328,0.88274
2019_1181_1330,0.74527
2019_1181_1332,0.83444
2019_1181_1341,0.89637
2019_1181_1345,0.66275
2019_1181_1371,0.85379
2019_1181_1385,0.83918
2019_1181_1387,0.87569
2019_1181_1388,0.81481
2019_1181_1393,0.83831
2019_1181_1396,0.75449
2019_1181_1397,0.49266
2019_1181_1403,0.56553
2019_1181_1414,0.58312
2019_1181_1416,0.70913
2019_1181_1429,0.63029
2019_1181_1433,0.66315
2019_1181_1436,0.61838
2019_1181_1437,0.76029
2019_1181_1438,0.36548
2019_1181_1439,0.67497
2019_1181_1449,0.6453
2019_1181_1458,0.71988
2019_1181_1459,0.51532
2019_1181_1463,0.73105
2019_1192_1196,0.56513
2019_1192_1199,0.20324
2019_1192_1205,0.41113
2019_1192_1209,0.30967
2019_1192_1211,0.08661
2019_1192_1222,0.08751
2019_1192_1233,0.58314
2019_1192_1234,0.36434
2019_1192_1235,0.37394
2019_1192_1242,0.2561
2019_1192_1243,0.21654
2019_1192_1246,0.14518
2019_1192_1251,0.2064
2019_1192_1257,0.47125
2019_1192_1261,0.15261
2019_1192_1266,0.2566
2019_1192_1268,0.26453
2019_1192_1276,0.14461
2019_1192_1277,0.14494
2019_1192_1278,0.43862
2019_1192_1279,0.39463
2019_1192_1280,0.27603
2019_1192_1285,0.29659
2019_1192_1293,0.12278
2019_1192_1295,0.61319
2019_1192_1297,0.22377
2019_1192_1300,0.70811
2019_1192_1305,0.11328
2019_1192_1308,0.13846
2019_1192_1314,0.12731
2019_1192_1318,0.33648
2019_1192_1326,0.52086
2019_1192_1328,0.49522
2019_1192_1330,0.27603
2019_1192_1332,0.39645
2019_1192_1341,0.52992
2019_1192_1345,0.20388
2019_1192_1371,0.43213
2019_1192_1385,0.40477
2019_1192_1387,0.47862
2019_1192_1388,0.36443
2019_1192_1393,0.40322
2019_1192_1396,0.28597
2019_1192_1397,0.11233
2019_1192_1403,0.14503
2019_1192_1414,0.15419
2019_1192_1416,0.24112
2019_1192_1429,0.18179
2019_1192_1433,0.20418
2019_1192_1436,0.17435
2019_1192_1437,0.29245
2019_1192_1438,0.06982
2019_1192_1439,0.21299
2019_1192_1449,0.19165
2019_1192_1458,0.25089
2019_1192_1459,0.12169
2019_1192_1463,0.26158
2019_1196_1199,0.16146
2019_1196_1205,0.34512
2019_1196_1209,0.25295
2019_1196_1211,0.0668
2019_1196_1222,0.06751
2019_1196_1233,0.5136
2019_1196_1234,0.30199
2019_1196_1235,0.31076
2019_1196_1242,0.20627
2019_1196_1243,0.17262
2019_1196_1246,0.11364
2019_1196_1251,0.1641
2019_1196_1257,0.40219
2019_1196_1261,0.11967
2019_1196_1266,0.2067
2019_1196_1268,0.21353
2019_1196_1276,0.11317
2019_1196_1277,0.11344
2019_1196_1278,0.37098
2019_1196_1279,0.32979
2019_1196_1280,0.22349
2019_1196_1285,0.24144
2019_1196_1293,0.09556
2019_1196_1295,0.54476
2019_1196_1297,0.17872
2019_1196_1300,0.6468
2019_1196_1305,0.08795
2019_1196_1308,0.10819
2019_1196_1314,0.0992
2019_1196_1318,0.27683
2019_1196_1326,0.45072
2019_1196_1328,0.42547
2019_1196_1330,0.22348
2019_1196_1332,0.33147
2019_1196_1341,0.45973
2019_1196_1345,0.162
2019_1196_1371,0.36485
2019_1196_1385,0.3392
2019_1196_1387,0.40931
2019_1196_1388,0.30208
2019_1196_1393,0.33776
2019_1196_1396,0.23214
2019_1196_1397,0.08719
2019_1196_1403,0.11351
2019_1196_1414,0.12096
2019_1196_1416,0.19344
2019_1196_1429,0.14362
2019_1196_1433,0.16224
2019_1196_1436,0.13749
2019_1196_1437,0.2378
2019_1196_1438,0.05362
2019_1196_1439,0.16963
2019_1196_1449,0.1518
2019_1196_1458,0.20179
2019_1196_1459,0.09469
2019_1196_1463,0.21098
2019_1199_1205,0.72861
2019_1199_1209,0.63303
2019_1199_1211,0.26722
2019_1199_1222,0.26944
2019_1199_1233,0.84324
2019_1199_1234,0.6879
2019_1199_1235,0.69669
2019_1199_1242,0.56969
2019_1199_1243,0.51524
2019_1199_1246,0.39508
2019_1199_1251,0.50003
2019_1199_1257,0.77413
2019_1199_1261,0.40918
2019_1199_1266,0.57033
2019_1199_1268,0.58039
2019_1199_1276,0.39398
2019_1199_1277,0.39462
2019_1199_1278,0.75029
2019_1199_1279,0.71484
2019_1199_1280,0.59452
2019_1199_1285,0.61854
2019_1199_1293,0.34991
2019_1199_1295,0.85908
2019_1199_1297,0.52574
2019_1199_1300,0.90319
2019_1199_1305,0.32943
2019_1199_1308,0.38197
2019_1199_1314,0.35939
2019_1199_1318,0.66103
2019_1199_1326,0.80696
2019_1199_1328,0.79048
2019_1199_1330,0.59452
2019_1199_1332,0.71639
2019_1199_1341,0.81256
2019_1199_1345,0.49618
2019_1199_1371,0.74531
2019_1199_1385,0.72338
2019_1199_1387,0.77926
2019_1199_1388,0.68799
2019_1199_1393,0.72209
2019_1199_1396,0.60632
2019_1199_1397,0.32734
2019_1199_1403,0.39479
2019_1199_1414,0.41211
2019_1199_1416,0.54992
2019_1199_1429,0.46074
2019_1199_1433,0.49663
2019_1199_1436,0.44814
2019_1199_1437,0.61382
2019_1199_1438,0.224
2019_1199_1439,0.50998
2019_1199_1449,0.47692
2019_1199_1458,0.56292
2019_1199_1459,0.34761
2019_1199_1463,0.57667
2019_1205_1209,0.38661
2019_1205_1211,0.11757
2019_1205_1222,0.11875
2019_1205_1233,0.66279
2019_1205_1234,0.44608
2019_1205_1235,0.4563
2019_1205_1242,0.32602
2019_1205_1243,0.27972
2019_1205_1246,0.19266
2019_1205_1251,0.26762
2019_1205_1257,0.556
2019_1205_1261,0.20194
2019_1205_1266,0.32659
2019_1205_1268,0.33571
2019_1205_1276,0.19194
2019_1205_1277,0.19236
2019_1205_1278,0.52331
2019_1205_1279,0.47806
2019_1205_1280,0.34884
2019_1205_1285,0.37204
2019_1205_1293,0.16434
2019_1205_1295,0.69015
2019_1205_1297,0.28828
2019_1205_1300,0.77317
2019_1205_1305,0.15218
2019_1205_1308,0.18422
2019_1205_1314,0.17011
2019_1205_1318,0.41607
2019_1205_1326,0.60433
2019_1205_1328,0.57956
2019_1205_1330,0.34883
2019_1205_1332,0.47996
2019_1205_1341,0.61299
2019_1205_1345,0.26461
2019_1205_1371,0.51673
2019_1205_1385,0.48861
2019_1205_1387,0.56329
2019_1205_1388,0.44618
2019_1205_1393,0.487
2019_1205_1396,0.36009
2019_1205_1397,0.15096
2019_1205_1403,0.19247
2019_1205_1414,0.2039
2019_1205_1416,0.30864
2019_1205_1429,0.2379
2019_1205_1433,0.26496
2019_1205_1436,0.22882
2019_1205_1437,0.36739
2019_1205_1438,0.09541
2019_1205_1439,0.27549
2019_1205_1449,0.24988
2019_1205_1458,0.31999
2019_1205_1459,0.16296
2019_1205_1463,0.33232
2019_1209_1211,0.17175
2019_1209_1222,0.17337
2019_1209_1233,0.75364
2019_1209_1234,0.55622
2019_1209_1235,0.56638
2019_1209_1242,0.4295
2019_1209_1243,0.37672
2019_1209_1246,0.27082
2019_1209_1251,0.36254
2019_1209_1257,0.6609
2019_1209_1261,0.28255
2019_1209_1266,0.43014
2019_1209_1268,0.44026
2019_1209_1276,0.26991
2019_1209_1277,0.27044
2019_1209_1278,0.63081
2019_1209_1279,0.58772
2019_1209_1280,0.45468
2019_1209_1285,0.47973
2019_1209_1293,0.23435
2019_1209_1295,0.77612
2019_1209_1297,0.38665
2019_1209_1300,0.8414
2019_1209_1305,0.21836
2019_1209_1308,0.26006
2019_1209_1314,0.24186
2019_1209_1318,0.52584
2019_1209_1326,0.7039
2019_1209_1328,0.68208
2019_1209_1330,0.45467
2019_1209_1332,0.58956
2019_1209_1341,0.71141
2019_1209_1345,0.35899
2019_1209_1371,0.62464
2019_1209_1385,0.59792
2019_1209_1387,0.66749
2019_1209_1388,0.55632
2019_1209_1393,0.59637
2019_1209_1396,0.4669
2019_1209_1397,0.21675
2019_1209_1403,0.27058
2019_1209_1414,0.28502
2019_1209_1416,0.40996
2019_1209_1429,0.32699
2019_1209_1433,0.3594
2019_1209_1436,0.31591
2019_1209_1437,0.47475
2019_1209_1438,0.14101
2019_1209_1439,0.37179
2019_1209_1449,0.34144
2019_1209_1458,0.42276
2019_1209_1459,0.23254
2019_1209_1463,0.43651
2019_1211_1222,0.49802
2019_1211_1233,0.93536
2019_1211_1234,0.85568
2019_1211_1235,0.8607
2019_1211_1242,0.78077
2019_1211_1243,0.74088
2019_1211_1246,0.63728
2019_1211_1251,0.72902
2019_1211_1257,0.90215
2019_1211_1261,0.65072
2019_1211_1266,0.78121
2019_1211_1268,0.78817
2019_1211_1276,0.63621
2019_1211_1277,0.63683
2019_1211_1278,0.8899
2019_1211_1279,0.87086
2019_1211_1280,0.79774
2019_1211_1285,0.8135
2019_1211_1293,0.59148
2019_1211_1295,0.94253
2019_1211_1297,0.74888
2019_1211_1300,0.96168
2019_1211_1305,0.56925
2019_1211_1308,0.62442
2019_1211_1314,0.60146
2019_1211_1318,0.8399
2019_1211_1326,0.91834
2019_1211_1328,0.9103
2019_1211_1330,0.79774
2019_1211_1332,0.87171
2019_1211_1341,0.92102
2019_1211_1345,0.72597
2019_1211_1371,0.88729
2019_1211_1385,0.87554
2019_1211_1387,0.90473
2019_1211_1388,0.85573
2019_1211_1393,0.87483
2019_1211_1396,0.80556
2019_1211_1397,0.56693
2019_1211_1403,0.637
2019_1211_1414,0.65347
2019_1211_1416,0.76672
2019_1211_1429,0.69682
2019_1211_1433,0.72633
2019_1211_1436,0.68598
2019_1211_1437,0.81045
2019_1211_1438,0.4371
2019_1211_1439,0.73681
2019_1211_1449,0.71037
2019_1211_1458,0.77601
2019_1211_1459,0.58904
2019_1211_1463,0.78561
2019_1222_1233,0.93467
2019_1222_1234,0.85428
2019_1222_1235,0.85934
2019_1222_1242,0.77882
2019_1222_1243,0.7387
2019_1222_1246,0.63465
2019_1222_1251,0.72678
2019_1222_1257,0.90115
2019_1222_1261,0.64814
2019_1222_1266,0.77927
2019_1222_1268,0.78627
2019_1222_1276,0.63358
2019_1222_1277,0.6342
2019_1222_1278,0.88878
2019_1222_1279,0.86958
2019_1222_1280,0.79591
2019_1222_1285,0.81177
2019_1222_1293,0.58874
2019_1222_1295,0.94191
2019_1222_1297,0.74674
2019_1222_1300,0.96126
2019_1222_1305,0.56647
2019_1222_1308,0.62176
2019_1222_1314,0.59874
2019_1222_1318,0.83837
2019_1222_1326,0.91748
2019_1222_1328,0.90937
2019_1222_1330,0.7959
2019_1222_1332,0.87044
2019_1222_1341,0.92019
2019_1222_1345,0.72371
2019_1222_1371,0.88615
2019_1222_1385,0.8743
2019_1222_1387,0.90375
2019_1222_1388,0.85433
2019_1222_1393,0.87359
2019_1222_1396,0.80378
2019_1222_1397,0.56414
2019_1222_1403,0.63437
2019_1222_1414,0.6509
2019_1222_1416,0.76469
2019_1222_1429,0.69442
2019_1222_1433,0.72407
2019_1222_1436,0.68353
2019_1222_1437,0.80871
2019_1222_1438,0.43432
2019_1222_1439,0.73461
2019_1222_1449,0.70803
2019_1222_1458,0.77404
2019_1222_1459,0.58629
2019_1222_1463,0.7837
2019_1233_1234,0.28669
2019_1233_1235,0.2952
2019_1233_1242,0.19447
2019_1233_1243,0.16235
2019_1233_1246,0.10642
2019_1233_1251,0.15425
2019_1233_1257,0.38461
2019_1233_1261,0.11213
2019_1233_1266,0.19488
2019_1233_1268,0.20142
2019_1233_1276,0.10599
2019_1233_1277,0.10624
2019_1233_1278,0.35396
2019_1233_1279,0.31372
2019_1233_1280,0.21096
2019_1233_1285,0.22821
2019_1233_1293,0.08938
2019_1233_1295,0.52644
2019_1233_1297,0.16816
2019_1233_1300,0.62979
2019_1233_1305,0.08222
2019_1233_1308,0.10129
2019_1233_1314,0.09281
2019_1233_1318,0.26233
2019_1233_1326,0.43256
2019_1233_1328,0.40757
2019_1233_1330,0.21096
2019_1233_1332,0.31536
2019_1233_1341,0.4415
2019_1233_1345,0.15224
2019_1233_1371,0.34795
2019_1233_1385,0.32289
2019_1233_1387,0.39163
2019_1233_1388,0.28678
2019_1233_1393,0.32148
2019_1233_1396,0.21927
2019_1233_1397,0.08151
2019_1233_1403,0.10631
2019_1233_1414,0.11334
2019_1233_1416,0.18221
2019_1233_1429,0.1348
2019_1233_1433,0.15248
2019_1233_1436,0.12898
2019_1233_1437,0.22471
2019_1233_1438,0.05001
2019_1233_1439,0.15951
2019_1233_1449,0.14256
2019_1233_1458,0.19019
2019_1233_1459,0.08856
2019_1233_1463,0.19898
2019_1234_1235,0.50551
2019_1234_1242,0.37076
2019_1234_1243,0.32114
2019_1234_1246,0.22521
2019_1234_1251,0.30801
2019_1234_1257,0.60402
2019_1234_1261,0.23561
2019_1234_1266,0.37137
2019_1234_1268,0.38103
2019_1234_1276,0.22441
2019_1234_1277,0.22487
2019_1234_1278,0.57214
2019_1234_1279,0.52734
2019_1234_1280,0.39488
2019_1234_1285,0.41916
2019_1234_1293,0.19326
2019_1234_1295,0.73069
2019_1234_1297,0.33038
2019_1234_1300,0.8059
2019_1234_1305,0.17942
2019_1234_1308,0.21573
2019_1234_1314,0.1998
2019_1234_1318,0.46465
2019_1234_1326,0.65041
2019_1234_1328,0.62674
2019_1234_1330,0.39487
2019_1234_1332,0.52923
2019_1234_1341,0.65862
2019_1234_1345,0.30474
2019_1234_1371,0.56567
2019_1234_1385,0.53786
2019_1234_1387,0.61107
2019_1234_1388,0.4953
2019_1234_1393,0.53626
2019_1234_1396,0.40669
2019_1234_1397,0.17803
2019_1234_1403,0.225
2019_1234_1414,0.2378
2019_1234_1416,0.35224
2019_1234_1429,0.27549
2019_1234_1433,0.30512
2019_1234_1436,0.26547
2019_1234_1437,0.41432
2019_1234_1438,0.11385
2019_1234_1439,0.31656
2019_1234_1449,0.28865
2019_1234_1458,0.36435
2019_1234_1459,0.19168
2019_1234_1463,0.37744
2019_1235_1242,0.36119
2019_1235_1243,0.31221
2019_1235_1246,0.2181
2019_1235_1251,0.29929
2019_1235_1257,0.59411
2019_1235_1261,0.22826
2019_1235_1266,0.36179
2019_1235_1268,0.37135
2019_1235_1276,0.21731
2019_1235_1277,0.21777
2019_1235_1278,0.56202
2019_1235_1279,0.51705
2019_1235_1280,0.38506
2019_1235_1285,0.40915
2019_1235_1293,0.1869
2019_1235_1295,0.72249
2019_1235_1297,0.32132
2019_1235_1300,0.79937
2019_1235_1305,0.17342
2019_1235_1308,0.20883
2019_1235_1314,0.19328
2019_1235_1318,0.4544
2019_1235_1326,0.64097
2019_1235_1328,0.61704
2019_1235_1330,0.38506
2019_1235_1332,0.51894
2019_1235_1341,0.64929
2019_1235_1345,0.29607
2019_1235_1371,0.55551
2019_1235_1385,0.52759
2019_1235_1387,0.60122
2019_1235_1388,0.48499
2019_1235_1393,0.52599
2019_1235_1396,0.39677
2019_1235_1397,0.17207
2019_1235_1403,0.21789
2019_1235_1414,0.2304
2019_1235_1416,0.34289
2019_1235_1429,0.26734
2019_1235_1433,0.29644
2019_1235_1436,0.25751
2019_1235_1437,0.40434
2019_1235_1438,0.10975
2019_1235_1439,0.3077
2019_1235_1449,0.28026
2019_1235_1458,0.35485
2019_1235_1459,0.18537
2019_1235_1463,0.3678
2019_1242_1243,0.44057
2019_1242_1246,0.32611
2019_1242_1251,0.42563
2019_1242_1257,0.71747
2019_1242_1261,0.33913
2019_1242_1266,0.49584
2019_1242_1268,0.50613
2019_1242_1276,0.3251
2019_1242_1277,0.32569
2019_1242_1278,0.69004
2019_1242_1279,0.65004
2019_1242_1280,0.5207
2019_1242_1285,0.54575
2019_1242_1293,0.2851
2019_1242_1295,0.81874
2019_1242_1297,0.45097
2019_1242_1300,0.87362
2019_1242_1305,0.26686
2019_1242_1308,0.3141
2019_1242_1314,0.29362
2019_1242_1318,0.59099
2019_1242_1326,0.75594
2019_1242_1328,0.73652
2019_1242_1330,0.5207
2019_1242_1332,0.65176
2019_1242_1341,0.76258
2019_1242_1345,0.42186
2019_1242_1371,0.68437
2019_1242_1385,0.65959
2019_1242_1387,0.72342
2019_1242_1388,0.62032
2019_1242_1393,0.65814
2019_1242_1396,0.53296
2019_1242_1397,0.26502
2019_1242_1403,0.32585
2019_1242_1414,0.34185
2019_1242_1416,0.47515
2019_1242_1429,0.38765
2019_1242_1433,0.42231
2019_1242_1436,0.37566
2019_1242_1437,0.5408
2019_1242_1438,0.1762
2019_1242_1439,0.43538
2019_1242_1449,0.40318
2019_1242_1458,0.4883
2019_1242_1459,0.28305
2019_1242_1463,0.50232
2019_1243_1246,0.37608
2019_1243_1251,0.47999
2019_1243_1257,0.7598
2019_1243_1261,0.38993
2019_1243_1266,0.55057
2019_1243_1268,0.56073
2019_1243_1276,0.375
2019_1243_1277,0.37563
2019_1243_1278,0.73496
2019_1243_1279,0.69821
2019_1243_1280,0.57504
2019_1243_1285,0.59944
2019_1243_1293,0.33188
2019_1243_1295,0.84908
2019_1243_1297,0.50571
2019_1243_1300,0.89594
2019_1243_1305,0.31196
2019_1243_1308,0.36322
2019_1243_1314,0.34113
2019_1243_1318,0.64283
2019_1243_1326,0.79416
2019_1243_1328,0.77688
2019_1243_1330,0.57504
2019_1243_1332,0.69981
2019_1243_1341,0.80003
2019_1243_1345,0.47614
2019_1243_1371,0.72979
2019_1243_1385,0.70704
2019_1243_1387,0.76515
2019_1243_1388,0.67051
2019_1243_1393,0.70571
2019_1243_1396,0.58701
2019_1243_1397,0.30993
2019_1243_1403,0.3758
2019_1243_1414,0.39282
2019_1243_1416,0.52999
2019_1243_1429,0.44088
2019_1243_1433,0.47659
2019_1243_1436,0.4284
2019_1243_1437,0.59464
2019_1243_1438,0.21037
2019_1243_1439,0.48992
2019_1243_1449,0.45695
2019_1243_1458,0.54309
2019_1243_1459,0.32964
2019_1243_1463,0.55698
2019_1246_1251,0.60034
2019_1246_1257,0.83734
2019_1246_1261,0.50985
2019_1246_1266,0.66595
2019_1246_1268,0.67505
2019_1246_1276,0.49404
2019_1246_1277,0.4947
2019_1246_1278,0.8186
2019_1246_1279,0.79014
2019_1246_1280,0.68771
2019_1246_1285,0.70891
2019_1246_1293,0.44703
2019_1246_1295,0.90154
2019_1246_1297,0.62477
2019_1246_1300,0.93339
2019_1246_1305,0.42458
2019_1246_1308,0.4814
2019_1246_1314,0.45729
2019_1246_1318,0.74548
2019_1246_1326,0.86261
2019_1246_1328,0.84999
2019_1246_1330,0.68771
2019_1246_1332,0.7914
2019_1246_1341,0.86686
2019_1246_1345,0.59663
2019_1246_1371,0.81465
2019_1246_1385,0.79706
2019_1246_1387,0.84132
2019_1246_1388,0.76808
2019_1246_1393,0.79602
2019_1246_1396,0.69817
2019_1246_1397,0.42227
2019_1246_1403,0.49489
2019_1246_1414,0.51288
2019_1246_1416,0.64728
2019_1246_1429,0.56202
2019_1246_1433,0.59707
2019_1246_1436,0.54948
2019_1246_1437,0.70478
2019_1246_1438,0.30243
2019_1246_1439,0.60985
2019_1246_1449,0.57795
2019_1246_1458,0.65921
2019_1246_1459,0.44453
2019_1246_1463,0.6717
2019_1251_1257,0.77073
2019_1251_1261,0.40451
2019_1251_1266,0.56558
2019_1251_1268,0.57567
2019_1251_1276,0.38937
2019_1251_1277,0.39001
2019_1251_1278,0.74664
2019_1251_1279,0.71088
2019_1251_1280,0.58985
2019_1251_1285,0.61396
2019_1251_1293,0.34552
2019_1251_1295,0.85672
2019_1251_1297,0.52092
2019_1251_1300,0.90148
2019_1251_1305,0.32517
2019_1251_1308,0.37741
2019_1251_1314,0.35494
2019_1251_1318,0.65668
2019_1251_1326,0.80393
2019_1251_1328,0.78725
2019_1251_1330,0.58984
2019_1251_1332,0.71244
2019_1251_1341,0.80959
2019_1251_1345,0.49134
2019_1251_1371,0.74162
2019_1251_1385,0.71949
2019_1251_1387,0.77591
2019_1251_1388,0.68382
2019_1251_1393,0.71819
2019_1251_1396,0.60169
2019_1251_1397,0.32309
2019_1251_1403,0.39018
2019_1251_1414,0.40743
2019_1251_1416,0.54512
2019_1251_1429,0.45593
2019_1251_1433,0.49179
2019_1251_1436,0.44336
2019_1251_1437,0.60922
2019_1251_1438,0.22066
2019_1251_1439,0.50514
2019_1251_1449,0.47209
2019_1251_1458,0.55815
2019_1251_1459,0.34323
2019_1251_1463,0.57194
2019_1257_1261,0.16543
2019_1257_1266,0.27531
2019_1257_1268,0.2836
2019_1257_1276,0.15688
2019_1257_1277,0.15723
2019_1257_1278,0.46235
2019_1257_1279,0.41776
2019_1257_1280,0.2956
2019_1257_1285,0.31698
2019_1257_1293,0.13349
2019_1257_1295,0.63567
2019_1257_1297,0.24086
2019_1257_1300,0.72753
2019_1257_1305,0.12327
2019_1257_1308,0.1503
2019_1257_1314,0.13835
2019_1257_1318,0.35822
2019_1257_1326,0.54472
2019_1257_1328,0.51918
2019_1257_1330,0.2956
2019_1257_1332,0.4196
2019_1257_1341,0.55372
2019_1257_1345,0.21989
2019_1257_1371,0.4558
2019_1257_1385,0.42807
2019_1257_1387,0.50258
2019_1257_1388,0.38692
2019_1257_1393,0.42649
2019_1257_1396,0.30594
2019_1257_1397,0.12225
2019_1257_1403,0.15733
2019_1257_1414,0.16711
2019_1257_1416,0.25909
2019_1257_1429,0.19649
2019_1257_1433,0.2202
2019_1257_1436,0.18859
2019_1257_1437,0.31268
2019_1257_1438,0.07631
2019_1257_1439,0.2295
2019_1257_1449,0.20695
2019_1257_1458,0.26933
2019_1257_1459,0.13232
2019_1257_1463,0.28052
2019_1261_1266,0.65279
2019_1261_1268,0.66206
2019_1261_1276,0.47939
2019_1261_1277,0.48006
2019_1261_1278,0.80973
2019_1261_1279,0.78026
2019_1261_1280,0.67498
2019_1261_1285,0.69667
2019_1261_1293,0.43258
2019_1261_1295,0.89621
2019_1261_1297,0.61093
2019_1261_1300,0.92965
2019_1261_1305,0.41032
2019_1261_1308,0.46678
2019_1261_1314,0.44278
2019_1261_1318,0.7342
2019_1261_1326,0.85551
2019_1261_1328,0.84236
2019_1261_1330,0.67498
2019_1261_1332,0.78155
2019_1261_1341,0.85995
2019_1261_1345,0.58245
2019_1261_1371,0.80563
2019_1261_1385,0.78741
2019_1261_1387,0.83334
2019_1261_1388,0.75747
2019_1261_1393,0.78633
2019_1261_1396,0.68568
2019_1261_1397,0.40803
2019_1261_1403,0.48024
2019_1261_1414,0.49822
2019_1261_1416,0.63378
2019_1261_1429,0.54754
2019_1261_1433,0.58289
2019_1261_1436,0.53493
2019_1261_1437,0.69243
2019_1261_1438,0.29021
2019_1261_1439,0.59581
2019_1261_1449,0.56359
2019_1261_1458,0.64592
2019_1261_1459,0.4301
2019_1261_1463,0.65864
2019_1266_1268,0.50549
2019_1266_1276,0.32453
2019_1266_1277,0.32512
2019_1266_1278,0.68949
2019_1266_1279,0.64945
2019_1266_1280,0.52006
2019_1266_1285,0.54511
2019_1266_1293,0.28458
2019_1266_1295,0.81835
2019_1266_1297,0.45033
2019_1266_1300,0.87333
2019_1266_1305,0.26636
2019_1266_1308,0.31354
2019_1266_1314,0.29309
2019_1266_1318,0.59037
2019_1266_1326,0.75546
2019_1266_1328,0.73602
2019_1266_1330,0.52005
2019_1266_1332,0.65117
2019_1266_1341,0.76211
2019_1266_1345,0.42123
2019_1266_1371,0.68381
2019_1266_1385,0.659
2019_1266_1387,0.72291
2019_1266_1388,0.61971
2019_1266_1393,0.65755
2019_1266_1396,0.53231
2019_1266_1397,0.26451
2019_1266_1403,0.32528
2019_1266_1414,0.34127
2019_1266_1416,0.4745
2019_1266_1429,0.38703
2019_1266_1433,0.42167
2019_1266_1436,0.37505
2019_1266_1437,0.54016
2019_1266_1438,0.17582
2019_1266_1439,0.43475
2019_1266_1449,0.40256
2019_1266_1458,0.48765
2019_1266_1459,0.28252
2019_1266_1463,0.50168
2019_1268_1276,0.31557
2019_1268_1277,0.31615
2019_1268_1278,0.6806
2019_1268_1279,0.64002
2019_1268_1280,0.50977
2019_1268_1285,0.53488
2019_1268_1293,0.27627
2019_1268_1295,0.81215
2019_1268_1297,0.44016
2019_1268_1300,0.8687
2019_1268_1305,0.25839
2019_1268_1308,0.30475
2019_1268_1314,0.28463
2019_1268_1318,0.58037
2019_1268_1326,0.74778
2019_1268_1328,0.72794
2019_1268_1330,0.50977
2019_1268_1332,0.64176
2019_1268_1341,0.75457
2019_1268_1345,0.41123
2019_1268_1371,0.67484
2019_1268_1385,0.64969
2019_1268_1387,0.71458
2019_1268_1388,0.60996
2019_1268_1393,0.64822
2019_1268_1396,0.52205
2019_1268_1397,0.25658
2019_1268_1403,0.31631
2019_1268_1414,0.33207
2019_1268_1416,0.46425
2019_1268_1429,0.37731
2019_1268_1433,0.41166
2019_1268_1436,0.36545
2019_1268_1437,0.52991
2019_1268_1438,0.16993
2019_1268_1439,0.42466
2019_1268_1449,0.3927
2019_1268_1458,0.47737
2019_1268_1459,0.27425
2019_1268_1463,0.49138
2019_1276_1277,0.49586
2019_1276_1278,0.81929
2019_1276_1279,0.79091
2019_1276_1280,0.6887
2019_1276_1285,0.70986
2019_1276_1293,0.44817
2019_1276_1295,0.90195
2019_1276_1297,0.62585
2019_1276_1300,0.93367
2019_1276_1305,0.42571
2019_1276_1308,0.48255
2019_1276_1314,0.45843
2019_1276_1318,0.74636
2019_1276_1326,0.86316
2019_1276_1328,0.85058
2019_1276_1330,0.6887
2019_1276_1332,0.79216
2019_1276_1341,0.86739
2019_1276_1345,0.59775
2019_1276_1371,0.81535
2019_1276_1385,0.79781
2019_1276_1387,0.84194
2019_1276_1388,0.7689
2019_1276_1393,0.79677
2019_1276_1396,0.69915
2019_1276_1397,0.4234
2019_1276_1403,0.49604
2019_1276_1414,0.51403
2019_1276_1416,0.64833
2019_1276_1429,0.56316
2019_1276_1433,0.59818
2019_1276_1436,0.55063
2019_1276_1437,0.70574
2019_1276_1438,0.30341
2019_1276_1439,0.61095
2019_1276_1449,0.57908
2019_1276_1458,0.66025
2019_1276_1459,0.44567
2019_1276_1463,0.67272
2019_1277_1278,0.81889
2019_1277_1279,0.79047
2019_1277_1280,0.68813
2019_1277_1285,0.70931
2019_1277_1293,0.44751
2019_1277_1295,0.90171
2019_1277_1297,0.62522
2019_1277_1300,0.93351
2019_1277_1305,0.42505
2019_1277_1308,0.48188
2019_1277_1314,0.45777
2019_1277_1318,0.74585
2019_1277_1326,0.86284
2019_1277_1328,0.85024
2019_1277_1330,0.68813
2019_1277_1332,0.79172
2019_1277_1341,0.86708
2019_1277_1345,0.5971
2019_1277_1371,0.81494
2019_1277_1385,0.79738
2019_1277_1387,0.84158
2019_1277_1388,0.76842
2019_1277_1393,0.79633
2019_1277_1396,0.69858
2019_1277_1397,0.42274
2019_1277_1403,0.49538
2019_1277_1414,0.51336
2019_1277_1416,0.64772
2019_1277_1429,0.5625
2019_1277_1433,0.59754
2019_1277_1436,0.54996
2019_1277_1437,0.70518
2019_1277_1438,0.30284
2019_1277_1439,0.61031
2019_1277_1449,0.57842
2019_1277_1458,0.65965
2019_1277_1459,0.44501
2019_1277_1463,0.67213
2019_1278_1279,0.45008
2019_1278_1280,0.32373
2019_1278_1285,0.34614
2019_1278_1293,0.14946
2019_1278_1295,0.66558
2019_1278_1297,0.26575
2019_1278_1300,0.75283
2019_1278_1305,0.13822
2019_1278_1308,0.1679
2019_1278_1314,0.1548
2019_1278_1318,0.38901
2019_1278_1326,0.57713
2019_1278_1328,0.55192
2019_1278_1330,0.32372
2019_1278_1332,0.45196
2019_1278_1341,0.58597
2019_1278_1345,0.2433
2019_1278_1371,0.4886
2019_1278_1385,0.46056
2019_1278_1387,0.53543
2019_1278_1388,0.41857
2019_1278_1393,0.45896
2019_1278_1396,0.33458
2019_1278_1397,0.1371
2019_1278_1403,0.17558
2019_1278_1414,0.18624
2019_1278_1416,0.28515
2019_1278_1429,0.2181
2019_1278_1433,0.24363
2019_1278_1436,0.20956
2019_1278_1437,0.34164
2019_1278_1438,0.08613
2019_1278_1439,0.25361
2019_1278_1449,0.22939
2019_1278_1458,0.29601
2019_1278_1459,0.14818
2019_1278_1463,0.30784
2019_1279_1280,0.36457
2019_1279_1285,0.38819
2019_1279_1293,0.17397
2019_1279_1295,0.70462
2019_1279_1297,0.30255
2019_1279_1300,0.78497
2019_1279_1305,0.16124
2019_1279_1308,0.19474
2019_1279_1314,0.18001
2019_1279_1318,0.43282
2019_1279_1326,0.62061
2019_1279_1328,0.59617
2019_1279_1330,0.36457
2019_1279_1332,0.49709
2019_1279_1341,0.62912
2019_1279_1345,0.27817
2019_1279_1371,0.53382
2019_1279_1385,0.50575
2019_1279_1387,0.58007
2019_1279_1388,0.46318
2019_1279_1393,0.50414
2019_1279_1396,0.37604
2019_1279_1397,0.15996
2019_1279_1403,0.20335
2019_1279_1414,0.21526
2019_1279_1416,0.32346
2019_1279_1429,0.25056
2019_1279_1433,0.27853
2019_1279_1436,0.24114
2019_1279_1437,0.38346
2019_1279_1438,0.10149
2019_1279_1439,0.28939
2019_1279_1449,0.26296
2019_1279_1458,0.33509
2019_1279_1459,0.17253
2019_1279_1463,0.34771
2019_1280_1285,0.52034
2019_1280_1293,0.26476
2019_1280_1295,0.80309
2019_1280_1297,0.42584
2019_1280_1300,0.86191
2019_1280_1305,0.24737
2019_1280_1308,0.29253
2019_1280_1314,0.2729
2019_1280_1318,0.56611
2019_1280_1326,0.73662
2019_1280_1328,0.71624
2019_1280_1330,0.49519
2019_1280_1332,0.62824
2019_1280_1341,0.74361
2019_1280_1345,0.39718
2019_1280_1371,0.66191
2019_1280_1385,0.6363
2019_1280_1387,0.70254
2019_1280_1388,0.596
2019_1280_1393,0.63481
2019_1280_1396,0.50748
2019_1280_1397,0.24561
2019_1280_1403,0.30383
2019_1280_1414,0.31926
2019_1280_1416,0.44977
2019_1280_1429,0.36371
2019_1280_1433,0.39762
2019_1280_1436,0.35204
2019_1280_1437,0.51536
2019_1280_1438,0.16187
2019_1280_1439,0.41047
2019_1280_1449,0.37888
2019_1280_1458,0.46284
2019_1280_1459,0.2628
2019_1280_1463,0.47682
2019_1285_1293,0.24564
2019_1285_1295,0.78669
2019_1285_1297,0.40143
2019_1285_1300,0.84948
2019_1285_1305,0.22911
2019_1285_1308,0.27214
2019_1285_1314,0.25339
2019_1285_1318,0.54124
2019_1285_1326,0.71663
2019_1285_1328,0.69534
2019_1285_1330,0.47006
2019_1285_1332,0.60445
2019_1285_1341,0.72395
2019_1285_1345,0.37335
2019_1285_1371,0.63904
2019_1285_1385,0.61271
2019_1285_1387,0.68109
2019_1285_1388,0.57154
2019_1285_1393,0.61118
2019_1285_1396,0.48233
2019_1285_1397,0.22744
2019_1285_1403,0.28297
2019_1285_1414,0.2978
2019_1285_1416,0.42501
2019_1285_1429,0.34075
2019_1285_1433,0.37377
2019_1285_1436,0.32943
2019_1285_1437,0.49021
2019_1285_1438,0.14867
2019_1285_1439,0.38636
2019_1285_1449,0.3555
2019_1285_1458,0.43793
2019_1285_1459,0.24377
2019_1285_1463,0.45179
2019_1293_1295,0.91743
2019_1293_1297,0.66892
2019_1293_1300,0.94445
2019_1293_1305,0.47239
2019_1293_1308,0.52972
2019_1293_1314,0.50555
2019_1293_1318,0.78042
2019_1293_1326,0.88397
2019_1293_1328,0.87303
2019_1293_1330,0.72768
2019_1293_1332,0.82154
2019_1293_1341,0.88765
2019_1293_1345,0.6422
2019_1293_1371,0.84211
2019_1293_1385,0.82657
2019_1293_1387,0.86548
2019_1293_1388,0.80074
2019_1293_1393,0.82564
2019_1293_1396,0.73732
2019_1293_1397,0.47003
2019_1293_1403,0.54315
2019_1293_1414,0.56094
2019_1293_1416,0.69009
2019_1293_1429,0.60894
2019_1293_1433,0.64261
2019_1293_1436,0.59677
2019_1293_1437,0.74338
2019_1293_1438,0.34473
2019_1293_1439,0.65478
2019_1293_1449,0.6243
2019_1293_1458,0.70125
2019_1293_1459,0.49266
2019_1293_1463,0.71287
2019_1295_1297,0.15138
2019_1295_1300,0.60019
2019_1295_1305,0.07326
2019_1295_1308,0.09045
2019_1295_1314,0.0828
2019_1295_1318,0.23885
2019_1295_1326,0.40215
2019_1295_1328,0.37775
2019_1295_1330,0.19089
2019_1295_1332,0.28899
2019_1295_1341,0.41092
2019_1295_1345,0.13679
2019_1295_1371,0.32014
2019_1295_1385,0.29617
2019_1295_1387,0.36226
2019_1295_1388,0.26189
2019_1295_1393,0.29483
2019_1295_1396,0.1986
2019_1295_1397,0.07262
2019_1295_1403,0.095
2019_1295_1414,0.10137
2019_1295_1416,0.1643
2019_1295_1429,0.12086
2019_1295_1433,0.13701
2019_1295_1436,0.11557
2019_1295_1437,0.20367
2019_1295_1438,0.04439
2019_1295_1439,0.14344
2019_1295_1449,0.12794
2019_1295_1458,0.17166
2019_1295_1459,0.07897
2019_1295_1463,0.17979
2019_1297_1300,0.89195
2019_1297_1305,0.303
2019_1297_1308,0.35354
2019_1297_1314,0.33174
2019_1297_1318,0.63311
2019_1297_1326,0.78719
2019_1297_1328,0.7695
2019_1297_1330,0.56473
2019_1297_1332,0.69089
2019_1297_1341,0.79321
2019_1297_1345,0.46565
2019_1297_1371,0.72141
2019_1297_1385,0.69825
2019_1297_1387,0.7575
2019_1297_1388,0.66115
2019_1297_1393,0.69689
2019_1297_1396,0.57678
2019_1297_1397,0.301
2019_1297_1403,0.36598
2019_1297_1414,0.38283
2019_1297_1416,0.5195
2019_1297_1429,0.43053
2019_1297_1433,0.4661
2019_1297_1436,0.41812
2019_1297_1437,0.58446
2019_1297_1438,0.20346
2019_1297_1439,0.47941
2019_1297_1449,0.44653
2019_1297_1458,0.53263
2019_1297_1459,0.32041
2019_1297_1463,0.54657
2019_1300_1305,0.04912
2019_1300_1308,0.06102
2019_1300_1314,0.0557
2019_1300_1318,0.17016
2019_1300_1326,0.30534
2019_1300_1328,0.28403
2019_1300_1330,0.13358
2019_1300_1332,0.20986
2019_1300_1341,0.3131
2019_1300_1345,0.09384
2019_1300_1371,0.2353
2019_1300_1385,0.21567
2019_1300_1387,0.27071
2019_1300_1388,0.18822
2019_1300_1393,0.21458
2019_1300_1396,0.13937
2019_1300_1397,0.04868
2019_1300_1403,0.06419
2019_1300_1414,0.06865
2019_1300_1416,0.11385
2019_1300_1429,0.08243
2019_1300_1433,0.09399
2019_1300_1436,0.07867
2019_1300_1437,0.1432
2019_1300_1438,0.02946
2019_1300_1439,0.09864
2019_1300_1449,0.08748
2019_1300_1458,0.11927
2019_1300_1459,0.05305
2019_1300_1463,0.12529
2019_1305_1308,0.55239
2019_1305_1314,0.52835
2019_1305_1318,0.79567
2019_1305_1326,0.89302
2019_1305_1328,0.88281
2019_1305_1330,0.74539
2019_1305_1332,0.83454
2019_1305_1341,0.89644
2019_1305_1345,0.6629
2019_1305_1371,0.85387
2019_1305_1385,0.83927
2019_1305_1387,0.87576
2019_1305_1388,0.81491
2019_1305_1393,0.8384
2019_1305_1396,0.75462
2019_1305_1397,0.49282
2019_1305_1403,0.5657
2019_1305_1414,0.58329
2019_1305_1416,0.70927
2019_1305_1429,0.63045
2019_1305_1433,0.6633
2019_1305_1436,0.61854
2019_1305_1437,0.76041
2019_1305_1438,0.36564
2019_1305_1439,0.67512
2019_1305_1449,0.64546
2019_1305_1458,0.72002
2019_1305_1459,0.51548
2019_1305_1463,0.73119
2019_1308_1314,0.47102
2019_1308_1318,0.75582
2019_1308_1326,0.86902
2019_1308_1328,0.8569
2019_1308_1330,0.69944
2019_1308_1332,0.80037
2019_1308_1341,0.8731
2019_1308_1345,0.60985
2019_1308_1371,0.82284
2019_1308_1385,0.80585
2019_1308_1387,0.84855
2019_1308_1388,0.77777
2019_1308_1393,0.80484
2019_1308_1396,0.70968
2019_1308_1397,0.43579
2019_1308_1403,0.50869
2019_1308_1414,0.52666
2019_1308_1416,0.65978
2019_1308_1429,0.57556
2019_1308_1433,0.61028
2019_1308_1436,0.56311
2019_1308_1437,0.71613
2019_1308_1438,0.31421
2019_1308_1439,0.6229
2019_1308_1449,0.59136
2019_1308_1458,0.6715
2019_1308_1459,0.4582
2019_1308_1463,0.68376
2019_1314_1318,0.77324
2019_1314_1326,0.87966
2019_1314_1328,0.86837
2019_1314_1330,0.71939
2019_1314_1332,0.81539
2019_1314_1341,0.88345
2019_1314_1345,0.63263
2019_1314_1371,0.83652
2019_1314_1385,0.82055
2019_1314_1387,0.86058
2019_1314_1388,0.79405
2019_1314_1393,0.8196
2019_1314_1396,0.72922
2019_1314_1397,0.45973
2019_1314_1403,0.53285
2019_1314_1414,0.55071
2019_1314_1416,0.68116
2019_1314_1429,0.59903
2019_1314_1433,0.63304
2019_1314_1436,0.58677
2019_1314_1437,0.7354
2019_1314_1438,0.33544
2019_1314_1439,0.64536
2019_1314_1449,0.61453
2019_1314_1458,0.6925
2019_1314_1459,0.48231
2019_1314_1463,0.70431
2019_1318_1326,0.67771
2019_1318_1328,0.6549
2019_1318_1330,0.42446
2019_1318_1332,0.55958
2019_1318_1341,0.68559
2019_1318_1345,0.33127
2019_1318_1371,0.59547
2019_1318_1385,0.56811
2019_1318_1387,0.63973
2019_1318_1388,0.52587
2019_1318_1393,0.56653
2019_1318_1396,0.43652
2019_1318_1397,0.19665
2019_1318_1403,0.24706
2019_1318_1414,0.26069
2019_1318_1416,0.38065
2019_1318_1429,0.30058
2019_1318_1433,0.33167
2019_1318_1436,0.29001
2019_1318_1437,0.4443
2019_1318_1438,0.12679
2019_1318_1439,0.34361
2019_1318_1449,0.31442
2019_1318_1458,0.39314
2019_1318_1459,0.21137
2019_1318_1463,0.40661
2019_1326_1328,0.46958
2019_1326_1330,0.25598
2019_1326_1332,0.37215
2019_1326_1341,0.50427
2019_1326_1345,0.18772
2019_1326_1371,0.40713
2019_1326_1385,0.38028
2019_1326_1387,0.45307
2019_1326_1388,0.34099
2019_1326_1393,0.37877
2019_1326_1396,0.26546
2019_1326_1397,0.10249
2019_1326_1403,0.13275
2019_1326_1414,0.14126
2019_1326_1416,0.22282
2019_1326_1429,0.16701
2019_1326_1433,0.18799
2019_1326_1436,0.16006
2019_1326_1437,0.27166
2019_1326_1438,0.06344
2019_1326_1439,0.19628
2019_1326_1449,0.17624
2019_1326_1458,0.23208
2019_1326_1459,0.11114
2019_1326_1463,0.24223
2019_1328_1330,0.27601
2019_1328_1332,0.39642
2019_1328_1341,0.52989
2019_1328_1345,0.20386
2019_1328_1371,0.4321
2019_1328_1385,0.40474
2019_1328_1387,0.47859
2019_1328_1388,0.3644
2019_1328_1393,0.40319
2019_1328_1396,0.28594
2019_1328_1397,0.11232
2019_1328_1403,0.14502
2019_1328_1414,0.15417
2019_1328_1416,0.24109
2019_1328_1429,0.18177
2019_1328_1433,0.20416
2019_1328_1436,0.17434
2019_1328_1437,0.29243
2019_1328_1438,0.06982
2019_1328_1439,0.21297
2019_1328_1449,0.19163
2019_1328_1458,0.25087
2019_1328_1459,0.12168
2019_1328_1463,0.26156
2019_1330_1332,0.62825
2019_1330_1341,0.74361
2019_1330_1345,0.39719
2019_1330_1371,0.66192
2019_1330_1385,0.63631
2019_1330_1387,0.70254
2019_1330_1388,0.596
2019_1330_1393,0.63482
2019_1330_1396,0.50749
2019_1330_1397,0.24562
2019_1330_1403,0.30384
2019_1330_1414,0.31927
2019_1330_1416,0.44978
2019_1330_1429,0.36371
2019_1330_1433,0.39762
2019_1330_1436,0.35204
2019_1330_1437,0.51537
2019_1330_1438,0.16187
2019_1330_1439,0.41048
2019_1330_1449,0.37888
2019_1330_1458,0.46285
2019_1330_1459,0.2628
2019_1330_1463,0.47682
2019_1332_1341,0.62735
2019_1332_1345,0.27665
2019_1332_1371,0.53193
2019_1332_1385,0.50386
2019_1332_1387,0.57823
2019_1332_1388,0.4613
2019_1332_1393,0.50225
2019_1332_1396,0.37426
2019_1332_1397,0.15895
2019_1332_1403,0.20213
2019_1332_1414,0.21398
2019_1332_1416,0.3218
2019_1332_1429,0.24914
2019_1332_1433,0.27701
2019_1332_1436,0.23976
2019_1332_1437,0.38167
2019_1332_1438,0.1008
2019_1332_1439,0.28783
2019_1332_1449,0.26149
2019_1332_1458,0.33341
2019_1332_1459,0.17145
2019_1332_1463,0.34599
2019_1341_1345,0.18224
2019_1341_1371,0.39839
2019_1341_1385,0.37176
2019_1341_1387,0.44408
2019_1341_1388,0.33287
2019_1341_1393,0.37026
2019_1341_1396,0.25844
2019_1341_1397,0.0992
2019_1341_1403,0.12863
2019_1341_1414,0.13691
2019_1341_1416,0.2166
2019_1341_1429,0.16201
2019_1341_1433,0.18251
2019_1341_1436,0.15523
2019_1341_1437,0.26453
2019_1341_1438,0.06132
2019_1341_1439,0.19061
2019_1341_1449,0.17103
2019_1341_1458,0.22567
2019_1341_1459,0.1076
2019_1341_1463,0.23562
2019_1345_1371,0.74456
2019_1345_1385,0.72259
2019_1345_1387,0.77858
2019_1345_1388,0.68714
2019_1345_1393,0.7213
2019_1345_1396,0.60538
2019_1345_1397,0.32648
2019_1345_1403,0.39385
2019_1345_1414,0.41116
2019_1345_1416,0.54894
2019_1345_1429,0.45976
2019_1345_1433,0.49564
2019_1345_1436,0.44717
2019_1345_1437,0.61289
2019_1345_1438,0.22332
2019_1345_1439,0.50899
2019_1345_1449,0.47594
2019_1345_1458,0.56195
2019_1345_1459,0.34672
2019_1345_1463,0.57571
2019_1371_1385,0.46712
2019_1371_1387,0.54199
2019_1371_1388,0.425
2019_1371_1393,0.46552
2019_1371_1396,0.34049
2019_1371_1397,0.14025
2019_1371_1403,0.17943
2019_1371_1414,0.19027
2019_1371_1416,0.29056
2019_1371_1429,0.22264
2019_1371_1433,0.24853
2019_1371_1436,0.21397
2019_1371_1437,0.3476
2019_1371_1438,0.08823
2019_1371_1439,0.25863
2019_1371_1449,0.23408
2019_1371_1458,0.30154
2019_1371_1459,0.15154
2019_1371_1463,0.31349
2019_1385_1387,0.56975
2019_1385_1388,0.4527
2019_1385_1393,0.49358
2019_1385_1396,0.36618
2019_1385_1397,0.15437
2019_1385_1403,0.1966
2019_1385_1414,0.20821
2019_1385_1416,0.31428
2019_1385_1429,0.24271
2019_1385_1433,0.27012
2019_1385_1436,0.23349
2019_1385_1437,0.37353
2019_1385_1438,0.0977
2019_1385_1439,0.28078
2019_1385_1449,0.25485
2019_1385_1458,0.32575
2019_1385_1459,0.16658
2019_1385_1463,0.33819
2019_1387_1388,0.37993
2019_1387_1393,0.41928
2019_1387_1396,0.2997
2019_1387_1397,0.11912
2019_1387_1403,0.15345
2019_1387_1414,0.16304
2019_1387_1416,0.25346
2019_1387_1429,0.19186
2019_1387_1433,0.21517
2019_1387_1436,0.18411
2019_1387_1437,0.30636
2019_1387_1438,0.07426
2019_1387_1439,0.22432
2019_1387_1449,0.20214
2019_1387_1458,0.26356
2019_1387_1459,0.12896
2019_1387_1463,0.27459
2019_1388_1393,0.53616
2019_1388_1396,0.40659
2019_1388_1397,0.17797
2019_1388_1403,0.22493
2019_1388_1414,0.23772
2019_1388_1416,0.35214
2019_1388_1429,0.27541
2019_1388_1433,0.30503
2019_1388_1436,0.26539
2019_1388_1437,0.41422
2019_1388_1438,0.1138
2019_1388_1439,0.31647
2019_1388_1449,0.28857
2019_1388_1458,0.36426
2019_1388_1459,0.19162
2019_1388_1463,0.37734
2019_1393_1396,0.36767
2019_1393_1397,0.15521
2019_1393_1403,0.19761
2019_1393_1414,0.20927
2019_1393_1416,0.31567
2019_1393_1429,0.24389
2019_1393_1433,0.27139
2019_1393_1436,0.23465
2019_1393_1437,0.37504
2019_1393_1438,0.09827
2019_1393_1439,0.28208
2019_1393_1449,0.25608
2019_1393_1458,0.32716
2019_1393_1459,0.16747
2019_1393_1463,0.33963
2019_1396_1397,0.23662
2019_1396_1403,0.29353
2019_1396_1414,0.30867
2019_1396_1416,0.43764
2019_1396_1429,0.35241
2019_1396_1433,0.3859
2019_1396_1436,0.3409
2019_1396_1437,0.50308
2019_1396_1438,0.15531
2019_1396_1439,0.39863
2019_1396_1449,0.36738
2019_1396_1458,0.45064
2019_1396_1459,0.25338
2019_1396_1463,0.46457
2019_1397_1403,0.56802
2019_1397_1414,0.58559
2019_1397_1416,0.71122
2019_1397_1429,0.63265
2019_1397_1433,0.66541
2019_1397_1436,0.62077
2019_1397_1437,0.76213
2019_1397_1438,0.36784
2019_1397_1439,0.67719
2019_1397_1449,0.64762
2019_1397_1458,0.72192
2019_1397_1459,0.51785
2019_1397_1463,0.73304
2019_1403_1414,0.51318
2019_1403_1416,0.64755
2019_1403_1429,0.56232
2019_1403_1433,0.59736
2019_1403_1436,0.54978
2019_1403_1437,0.70503
2019_1403_1438,0.30269
2019_1403_1439,0.61013
2019_1403_1449,0.57824
2019_1403_1458,0.65948
2019_1403_1459,0.44482
2019_1403_1463,0.67197
2019_1414_1416,0.63096
2019_1414_1429,0.54454
2019_1414_1433,0.57994
2019_1414_1436,0.53191
2019_1414_1437,0.68985
2019_1414_1438,0.28772
2019_1414_1439,0.59289
2019_1414_1449,0.5606
2019_1414_1458,0.64314
2019_1414_1459,0.42713
2019_1414_1463,0.65591
2019_1416_1429,0.40686
2019_1416_1433,0.442
2019_1416_1436,0.39467
2019_1416_1437,0.56066
2019_1416_1438,0.18815
2019_1416_1439,0.45521
2019_1416_1449,0.42263
2019_1416_1458,0.50836
2019_1416_1459,0.29961
2019_1416_1463,0.52237
2019_1429_1433,0.53112
2019_1429_1436,0.4825
2019_1429_1437,0.64601
2019_1429_1438,0.24893
2019_1429_1439,0.5444
2019_1429_1449,0.51143
2019_1429_1458,0.59656
2019_1429_1459,0.37956
2019_1429_1463,0.60999
2019_1433_1436,0.44672
2019_1433_1437,0.61246
2019_1433_1438,0.22301
2019_1433_1439,0.50854
2019_1433_1449,0.47548
2019_1433_1458,0.56151
2019_1433_1459,0.34631
2019_1433_1463,0.57527
2019_1436_1437,0.65754
2019_1436_1438,0.25854
2019_1436_1439,0.55696
2019_1436_1449,0.52412
2019_1436_1458,0.60873
2019_1436_1459,0.39159
2019_1436_1463,0.622
2019_1437_1438,0.15121
2019_1437_1439,0.39109
2019_1437_1449,0.36008
2019_1437_1458,0.44285
2019_1437_1459,0.24746
2019_1437_1463,0.45673
2019_1438_1439,0.77957
2019_1438_1449,0.756
2019_1438_1458,0.81401
2019_1438_1459,0.64421
2019_1438_1463,0.82235
2019_1439_1449,0.46219
2019_1439_1458,0.54832
2019_1439_1459,0.33432
2019_1439_1463,0.56217
2019_1449_1458,0.58083
2019_1449_1459,0.36438
2019_1449_1463,0.59442
2019_1458_1459,0.28868
2019_1458_1463,0.50922
2019_1459_1463,0.71493
